orden,comentario,tipo
1,"No les creo nada , ",malo
2,Est√° bonita la camioneta ,bueno
3,Quiero m√°s informaci√≥n,info
4,:( igual el cr√©dito ha de ser muuuucho ,malo
5,"Quisiera, m√°s informaci√≥n, pero nadie me responde ",info
6,"cuota chica, pero digan la √∫ltima cuota, de seguro alta",malo
7,"Yo tengo uno claro la versi√≥n anterior ,,me ha salido excelente,solo que los repuestos son carisimo üòÖ lo tengo hace 6 a√±os conmigo no me ha dado ning√∫n problema",bueno
8,"No lo compres, son fabricados en m√©xico",malo
9,"ü•∞‚ù§‚ù£üíØ, amo esta marca",bueno
10,m√°s IVA? Ni que la we√° la uses como camioneta,malo
11,"Cuotas de $174.900 + pie del 49,2% (7 millones app). Finalmente en el mes 49 hay que dar un cuoton de 5 millones. Tremenda oferta‚Ä¶ ü§£",malo
12,publicidad enga√±osa,malo
13,"es mi tesoro, yo tengo uno, y es lo mejor ",bueno
14,"Dan poca informaci√≥n, necesito mayor info",info
15,info por fa,info
16,Los respuestos son demasiados caros,malo
17,excelente! ,bueno
18,Es el mejor auto que he tenido,bueno
19,"se da√±a a la primera, y los respuestos por las nubes",malo
20,m√°s detalle del valor,info
21,hola yo lo tengo con 10.000km Ning√∫n problema muy contento con la compra viene con mucha seguridad muy suave ..es mec√°nico,bueno
22,"1 a√±o con 35 mil km un auto de maravilla amigo, saludos",bueno
23,en mayo cumple 2 a√±os mi auto con 35mil km y sigue como el primer d√≠a.,bueno
24,Reci√©n ped√≠ una cotizaci√≥n pero me mandaron el valor de las mantenciones.yo quiero saber de cu√°nto es el pie y de cu√°nto son las letras y cu√°ntas eso es todo.gradias.,info
25,Servicio t√©cnico muy malo,malo
26,Los respuestos demoran mucho,malo
27,publicidad mentirosa,malo
28,A m√≠ me sali√≥ muy bueno el auto,bueno
29,Es muy c√≥modo y no se me ha da√±ado,bueno
30,necesito m√°s informaci√≥n ,info
31,Demoran los repuestos,malo
32,"No lo compren, es demasiada cara la reparaci√≥n",malo
33,poco stok de repuestos,malo
34,"Tiene toda la tecnolog√≠a, y pantalla t√°ctil ",bueno
35,"Muy recomendable, muy estable en carreteras ",bueno
36,no existen repuestos en el mercado,malo
37,Cuales modelos tienen 3 corridas de asientos? Y con barra superior?,info
38,"Es muy c√≥modo , pero poco rendimiento de combustible , no lo recomiendo",malo
39,"Yo compr√© uno, y es muy bueno",bueno
40,Ning√∫n problema hasta ahora ,bueno
41,para cu√°ndo los h√≠bridos ? ,info
42,"Lo m√°s f√°cil es que coloquen todo los datos t√©cnicos del veh√≠culo, valor con cr√©dito y al contado",info
43,info,info
44,"no lo colocan ,por que quieren venderte el producto m√°s caro y explic√°rtelo y que lo pagues en cuotas y as√≠ se aprovechan y al final pagas el doble",malo
45,"No gracias, demasiado caro",malo
46,"Es una buen marca, lo recomiendo ",bueno
47,rinde muy poco el combuestible,malo
48,informaci√≥n,info
49,Excesivamente caro,malo
50,"recomiendo la marca, por los c√≥modos ",bueno
51,Tiene bajo rendimiento del consumo de gasolina ,malo
52,Se puede realizar compra inteligente!!!!,bueno
53,Me da mucha confianza al manejar ,bueno
54,"Muy mala experiencia , maravillosa si, pero al final la falla que tuvo a 4 meses nos hizo devolverla por nuestra seguridad",malo
55,al parecer los SUV son fabricados en China,malo
56,Tiene mucha comodidad y teconlog√≠a,bueno
57,muy pocos kil√≥metros rinde por gal√≥n,malo
58,"Desde???? Porque no puede ser mas baja la cuota???? Dar mas pie........bajen los intereses, porque la gente termina pagando el doble,",malo
59,el problema que tienen algunas son de embrague,malo
60,"informaci√≥n por favor, de c√≥mo conseguir el financiamiento ",info
61,"no me gusta el tema de financiamiento , terminan sacando un ojo , prefiero al contado, pero cuando uno quiere pagar al contado ustedes cobran m√°s.",malo
62,"es fabricada en China, muy mala calidad",malo
63,"me encanta, es mi joya",bueno
64,Bellisimooo,bueno
65,no la recomiendo,malo
66,no la cambio por nada,bueno
67,malo el servicio t√©cnico,malo
68,hermoso,bueno
69,"por favor ,m√°s detalle del cr√©dito ",info
70,"c√≥moda, pero muy cara",malo
71,me intersa,bueno
72,deficiente el servicio t√©cnico,malo
73,demasiado consumo de combustible,malo
74,me interesa mucho,bueno
75,quiro mayot info ,info
76,el precio es muy alto,malo
77,"es una muy buena elecci√≥n, una SUV muy completa, tecnolog√≠a, confort y gran espacio",bueno
78,respuestos muy caros y escasos,malo
79,p√©simo servicio t√©cnico,malo
80,lo mejor sin duda su dise√±o y gran espacio interiorüòç,bueno
81,Y ahora si tendra 5 estrellas de seguridad o seguira como el mas inseguro con cero?,malo
82,yo la vi y me encanto perfecta para salir de paseo üòç,bueno
83,creo que es insegura ,malo
84,Les qued√≥ realmente espectacular. Adem√°s soy fiel a la marca y los autos est√°n cada vez mejores.,bueno
85,lo peor es el serivicio t√©cnico ,malo
86,"mucho espacio y comodidad üôÇ
",bueno
87,pagu√© una fortuna en repuestos y mantenci√≥n,malo
88,buen dise√±o y grandes espacios,bueno
89,definitvamente la quiero comprar,bueno
90,creo que necesita poner m√°s informaci√≥n ,info
91,excelente presentaci√≥n y comodidad,bueno
92,me gustar√≠a comprarla,bueno
93,"Por favor, ¬øpuedo comprarla al contado ? ",info
94,Me gustar√≠a conocer si puedo pagar todo al contado,info
95,muy mal sevicio de mantenci√≥n,malo
96,piezas de respuestos escasas y demoran mucho en traerlas ,malo
97,No sube muy bien las pendientes,malo
98,es la mejor SUV que he tenido ,bueno
99,el cr√©dito directo resulta muy caro,malo
100,la recomiendo a ojos cerrados,bueno
101,"No les creo nada , ",malo
102,Est√° bonita la camioneta ,bueno
103,Quiero m√°s informaci√≥n,info
104,:( igual el cr√©dito ha de ser muuuucho ,malo
105,"Quisiera, m√°s informaci√≥n, pero nadie me responde ",info
106,"cuota chica, pero digan la √∫ltima cuota, de seguro alta",malo
107,"Yo tengo uno claro la versi√≥n anterior ,,me ha salido excelente,solo que los repuestos son carisimo üòÖ lo tengo hace 6 a√±os conmigo no me ha dado ning√∫n problema",bueno
108,"No lo compres, son fabricados en m√©xico",malo
109,"ü•∞‚ù§‚ù£üíØ, amo esta marca",bueno
110,m√°s IVA? Ni que la we√° la uses como camioneta,malo
111,"Cuotas de $174.900 + pie del 49,2% (7 millones app). Finalmente en el mes 49 hay que dar un cuoton de 5 millones. Tremenda oferta‚Ä¶ ü§£",malo
112,publicidad enga√±osa,malo
113,"es mi tesoro, yo tengo uno, y es lo mejor ",bueno
114,"Dan poca informaci√≥n, necesito mayor info",info
115,info por fa,info
116,Los respuestos son demasiados caros,malo
117,excelente! ,bueno
118,Es el mejor auto que he tenido,bueno
119,"se da√±a a la primera, y los respuestos por las nubes",malo
120,m√°s detalle del valor,info
121,hola yo lo tengo con 10.000km Ning√∫n problema muy contento con la compra viene con mucha seguridad muy suave ..es mec√°nico,bueno
122,"1 a√±o con 35 mil km un auto de maravilla amigo, saludos",bueno
123,en mayo cumple 2 a√±os mi auto con 35mil km y sigue como el primer d√≠a.,bueno
124,Reci√©n ped√≠ una cotizaci√≥n pero me mandaron el valor de las mantenciones.yo quiero saber de cu√°nto es el pie y de cu√°nto son las letras y cu√°ntas eso es todo.gradias.,info
125,Servicio t√©cnico muy malo,malo
126,Los respuestos demoran mucho,malo
127,publicidad mentirosa,malo
128,A m√≠ me sali√≥ muy bueno el auto,bueno
129,Es muy c√≥modo y no se me ha da√±ado,bueno
130,necesito m√°s informaci√≥n ,info
131,Demoran los repuestos,malo
132,"No lo compren, es demasiada cara la reparaci√≥n",malo
133,poco stok de repuestos,malo
134,"Tiene toda la tecnolog√≠a, y pantalla t√°ctil ",bueno
135,"Muy recomendable, muy estable en carreteras ",bueno
136,no existen repuestos en el mercado,malo
137,Cuales modelos tienen 3 corridas de asientos? Y con barra superior?,info
138,"Es muy c√≥modo , pero poco rendimiento de combustible , no lo recomiendo",malo
139,"Yo compr√© uno, y es muy bueno",bueno
140,Ning√∫n problema hasta ahora ,bueno
141,para cu√°ndo los h√≠bridos ? ,info
142,"Lo m√°s f√°cil es que coloquen todo los datos t√©cnicos del veh√≠culo, valor con cr√©dito y al contado",info
143,info,info
144,"no lo colocan ,por que quieren venderte el producto m√°s caro y explic√°rtelo y que lo pagues en cuotas y as√≠ se aprovechan y al final pagas el doble",malo
145,"No gracias, demasiado caro",malo
146,"Es una buen marca, lo recomiendo ",bueno
147,rinde muy poco el combuestible,malo
148,informaci√≥n,info
149,Excesivamente caro,malo
150,"recomiendo la marca, por los c√≥modos ",bueno
151,Tiene bajo rendimiento del consumo de gasolina ,malo
152,Se puede realizar compra inteligente!!!!,bueno
153,Me da mucha confianza al manejar ,bueno
154,"Muy mala experiencia , maravillosa si, pero al final la falla que tuvo a 4 meses nos hizo devolverla por nuestra seguridad",malo
155,al parecer los SUV son fabricados en China,malo
156,Tiene mucha comodidad y teconlog√≠a,bueno
157,muy pocos kil√≥metros rinde por gal√≥n,malo
158,"Desde???? Porque no puede ser mas baja la cuota???? Dar mas pie........bajen los intereses, porque la gente termina pagando el doble,",malo
159,el problema que tienen algunas son de embrague,malo
160,"informaci√≥n por favor, de c√≥mo conseguir el financiamiento ",info
161,"no me gusta el tema de financiamiento , terminan sacando un ojo , prefiero al contado, pero cuando uno quiere pagar al contado ustedes cobran m√°s.",malo
162,"es fabricada en China, muy mala calidad",malo
163,"me encanta, es mi joya",bueno
164,Bellisimooo,bueno
165,no la recomiendo,malo
166,no la cambio por nada,bueno
167,malo el servicio t√©cnico,malo
168,hermoso,bueno
169,"por favor ,m√°s detalle del cr√©dito ",info
170,"c√≥moda, pero muy cara",malo
171,me intersa,bueno
172,deficiente el servicio t√©cnico,malo
173,demasiado consumo de combustible,malo
174,me interesa mucho,bueno
175,quiro mayot info ,info
176,el precio es muy alto,malo
177,"es una muy buena elecci√≥n, una SUV muy completa, tecnolog√≠a, confort y gran espacio",bueno
178,respuestos muy caros y escasos,malo
179,p√©simo servicio t√©cnico,malo
180,lo mejor sin duda su dise√±o y gran espacio interiorüòç,bueno
181,Y ahora si tendra 5 estrellas de seguridad o seguira como el mas inseguro con cero?,malo
182,yo la vi y me encanto perfecta para salir de paseo üòç,bueno
183,creo que es insegura ,malo
184,Les qued√≥ realmente espectacular. Adem√°s soy fiel a la marca y los autos est√°n cada vez mejores.,bueno
185,lo peor es el serivicio t√©cnico ,malo
186,"mucho espacio y comodidad üôÇ
",bueno
187,pagu√© una fortuna en repuestos y mantenci√≥n,malo
188,buen dise√±o y grandes espacios,bueno
189,definitvamente la quiero comprar,bueno
190,creo que necesita poner m√°s informaci√≥n ,info
191,excelente presentaci√≥n y comodidad,bueno
192,me gustar√≠a comprarla,bueno
193,"Por favor, ¬øpuedo comprarla al contado ? ",info
194,Me gustar√≠a conocer si puedo pagar todo al contado,info
195,muy mal sevicio de mantenci√≥n,malo
196,piezas de respuestos escasas y demoran mucho en traerlas ,malo
197,No sube muy bien las pendientes,malo
198,es la mejor SUV que he tenido ,bueno
199,el cr√©dito directo resulta muy caro,malo
200,la recomiendo a ojos cerrados,bueno
201,"No les creo nada , ",malo
202,Est√° bonita la camioneta ,bueno
203,Quiero m√°s informaci√≥n,info
204,:( igual el cr√©dito ha de ser muuuucho ,malo
205,"Quisiera, m√°s informaci√≥n, pero nadie me responde ",info
206,"cuota chica, pero digan la √∫ltima cuota, de seguro alta",malo
207,"Yo tengo uno claro la versi√≥n anterior ,,me ha salido excelente,solo que los repuestos son carisimo üòÖ lo tengo hace 6 a√±os conmigo no me ha dado ning√∫n problema ",bueno
208,"No lo compres, son fabricados en m√©xico",malo
209,"ü•∞‚ù§‚ù£üíØ, amo esta marca",bueno
210,m√°s IVA? Ni que la we√° la uses como camioneta,malo
211,"Cuotas de $174.900 + pie del 49,2% (7 millones app). Finalmente en el mes 49 hay que dar un cuoton de 5 millones. Tremenda oferta‚Ä¶ ü§£",malo
212,publicidad enga√±osa,malo
213,"es mi tesoro, yo tengo uno, y es lo mejor ",bueno
214,"Dan poca informaci√≥n, necesito mayor info",info
215,info por fa,info
216,Los respuestos son demasiados caros,malo
217,excelente! ,bueno
218,Es el mejor auto que he tenido,bueno
219,"se da√±a a la primera, y los respuestos por las nubes",malo
220,m√°s detalle del valor,info
221,hola yo lo tengo con 10.000km Ning√∫n problema muy contento con la compra viene con mucha seguridad muy suave ..es mec√°nico,bueno
222,"1 a√±o con 35 mil km un auto de maravilla amigo, saludos",bueno
223,en mayo cumple 2 a√±os mi auto con 35mil km y sigue como el primer d√≠a.,bueno
224,Reci√©n ped√≠ una cotizaci√≥n pero me mandaron el valor de las mantenciones.yo quiero saber de cu√°nto es el pie y de cu√°nto son las letras y cu√°ntas eso es todo.gradias.,info
225,Servicio t√©cnico muy malo,malo
226,Los respuestos demoran mucho,malo
227,publicidad mentirosa,malo
228,A m√≠ me sali√≥ muy bueno el auto,bueno
229,Es muy c√≥modo y no se me ha da√±ado,bueno
230,necesito m√°s informaci√≥n ,info
231,Demoran los repuestos,malo
232,"No lo compren, es demasiada cara la reparaci√≥n",malo
233,poco stok de repuestos,malo
234,"Tiene toda la tecnolog√≠a, y pantalla t√°ctil ",bueno
235,"Muy recomendable, muy estable en carreteras ",bueno
236,no existen repuestos en el mercado,malo
237,Cuales modelos tienen 3 corridas de asientos? Y con barra superior?,info
238,"Es muy c√≥modo , pero poco rendimiento de combustible , no lo recomiendo",malo
239,"Yo compr√© uno, y es muy bueno",bueno
240,Ning√∫n problema hasta ahora ,bueno
241,para cu√°ndo los h√≠bridos ? ,info
242,"Lo m√°s f√°cil es que coloquen todo los datos t√©cnicos del veh√≠culo, valor con cr√©dito y al contado",info
243,info,info
244,"no lo colocan ,por que quieren venderte el producto m√°s caro y explic√°rtelo y que lo pagues en cuotas y as√≠ se aprovechan y al final pagas el doble",malo
245,"No gracias, demasiado caro",malo
246,"Es una buen marca, lo recomiendo ",bueno
247,rinde muy poco el combuestible,malo
248,informaci√≥n,info
249,Excesivamente caro,malo
250,"recomiendo la marca, por los c√≥modos ",bueno
251,Tiene bajo rendimiento del consumo de gasolina ,malo
252,Se puede realizar compra inteligente!!!!,bueno
253,Me da mucha confianza al manejar ,bueno
254,"Muy mala experiencia , maravillosa si, pero al final la falla que tuvo a 4 meses nos hizo devolverla por nuestra seguridad",malo
255,al parecer los SUV son fabricados en China,malo
256,Tiene mucha comodidad y teconlog√≠a,bueno
257,muy pocos kil√≥metros rinde por gal√≥n,malo
258,"Desde???? Porque no puede ser mas baja la cuota???? Dar mas pie........bajen los intereses, porque la gente termina pagando el doble,",malo
259,el problema que tienen algunas son de embrague,malo
260,"informaci√≥n por favor, de c√≥mo conseguir el financiamiento ",info
261,"no me gusta el tema de financiamiento , terminan sacando un ojo , prefiero al contado, pero cuando uno quiere pagar al contado ustedes cobran m√°s.",malo
262,"es fabricada en China, muy mala calidad",malo
263,"me encanta, es mi joya",bueno
264,Bellisimooo,bueno
265,no la recomiendo,malo
266,no la cambio por nada,bueno
267,malo el servicio t√©cnico,malo
268,hermoso,bueno
269,"por favor ,m√°s detalle del cr√©dito ",info
270,"c√≥moda, pero muy cara",malo
271,me intersa,bueno
272,deficiente el servicio t√©cnico,malo
273,demasiado consumo de combustible,malo
274,me interesa mucho,bueno
275,quiro mayot info ,info
276,el precio es muy alto,malo
277,"es una muy buena elecci√≥n, una SUV muy completa, tecnolog√≠a, confort y gran espacio",bueno
278,respuestos muy caros y escasos,malo
279,p√©simo servicio t√©cnico,malo
280,lo mejor sin duda su dise√±o y gran espacio interiorüòç,bueno
281,Y ahora si tendra 5 estrellas de seguridad o seguira como el mas inseguro con cero?,malo
282,yo la vi y me encanto perfecta para salir de paseo üòç,bueno
283,creo que es insegura ,malo
284,Les qued√≥ realmente espectacular. Adem√°s soy fiel a la marca y los autos est√°n cada vez mejores.,bueno
285,lo peor es el serivicio t√©cnico ,malo
286,"mucho espacio y comodidad üôÇ
",bueno
287,pagu√© una fortuna en repuestos y mantenci√≥n,malo
288,buen dise√±o y grandes espacios,bueno
289,definitvamente la quiero comprar,bueno
290,creo que necesita poner m√°s informaci√≥n ,info
291,excelente presentaci√≥n y comodidad,bueno
292,me gustar√≠a comprarla,bueno
293,"Por favor, ¬øpuedo comprarla al contado ? ",info
294,Me gustar√≠a conocer si puedo pagar todo al contado,info
295,muy mal sevicio de mantenci√≥n,malo
296,piezas de respuestos escasas y demoran mucho en traerlas ,malo
297,No sube muy bien las pendientes,malo
298,es la mejor SUV que he tenido ,bueno
299,el cr√©dito directo resulta muy caro,malo
300,la recomiendo a ojos cerrados,bueno
301,"No les creo nada , ",malo
302,Est√° bonita la camioneta ,bueno
303,Quiero m√°s informaci√≥n,info
304,:( igual el cr√©dito ha de ser muuuucho ,malo
305,"Quisiera, m√°s informaci√≥n, pero nadie me responde ",info
306,"cuota chica, pero digan la √∫ltima cuota, de seguro alta",malo
307,"Yo tengo uno claro la versi√≥n anterior ,,me ha salido excelente,solo que los repuestos son carisimo üòÖ lo tengo hace 6 a√±os conmigo no me ha dado ning√∫n problema",bueno
308,"No lo compres, son fabricados en m√©xico",malo
309,"ü•∞‚ù§‚ù£üíØ, amo esta marca",bueno
310,m√°s IVA? Ni que la we√° la uses como camioneta,malo
311,"Cuotas de $174.900 + pie del 49,2% (7 millones app). Finalmente en el mes 49 hay que dar un cuoton de 5 millones. Tremenda oferta‚Ä¶ ü§£",malo
312,publicidad enga√±osa,malo
313,"es mi tesoro, yo tengo uno, y es lo mejor ",bueno
314,"Dan poca informaci√≥n, necesito mayor info",info
315,info por fa,info
316,Los respuestos son demasiados caros,malo
317,excelente! ,bueno
318,Es el mejor auto que he tenido,bueno
319,"se da√±a a la primera, y los respuestos por las nubes",malo
320,m√°s detalle del valor,info
321,hola yo lo tengo con 10.000km Ning√∫n problema muy contento con la compra viene con mucha seguridad muy suave ..es mec√°nico,bueno
322,"1 a√±o con 35 mil km un auto de maravilla amigo, saludos",bueno
323,en mayo cumple 2 a√±os mi auto con 35mil km y sigue como el primer d√≠a.,bueno
324,Reci√©n ped√≠ una cotizaci√≥n pero me mandaron el valor de las mantenciones.yo quiero saber de cu√°nto es el pie y de cu√°nto son las letras y cu√°ntas eso es todo.gradias.,info
325,Servicio t√©cnico muy malo,malo
326,Los respuestos demoran mucho,malo
327,publicidad mentirosa,malo
328,A m√≠ me sali√≥ muy bueno el auto,bueno
329,Es muy c√≥modo y no se me ha da√±ado,bueno
330,necesito m√°s informaci√≥n ,info
331,Demoran los repuestos,malo
332,"No lo compren, es demasiada cara la reparaci√≥n",malo
333,poco stok de repuestos,malo
334,"Tiene toda la tecnolog√≠a, y pantalla t√°ctil ",bueno
335,"Muy recomendable, muy estable en carreteras ",bueno
336,no existen repuestos en el mercado,malo
337,Cuales modelos tienen 3 corridas de asientos? Y con barra superior?,info
338,"Es muy c√≥modo , pero poco rendimiento de combustible , no lo recomiendo",malo
339,"Yo compr√© uno, y es muy bueno",bueno
340,Ning√∫n problema hasta ahora ,bueno
341,para cu√°ndo los h√≠bridos ? ,info
342,"Lo m√°s f√°cil es que coloquen todo los datos t√©cnicos del veh√≠culo, valor con cr√©dito y al contado",info
343,info,info
344,"no lo colocan ,por que quieren venderte el producto m√°s caro y explic√°rtelo y que lo pagues en cuotas y as√≠ se aprovechan y al final pagas el doble",malo
345,"No gracias, demasiado caro",malo
346,"Es una buen marca, lo recomiendo ",bueno
347,rinde muy poco el combuestible,malo
348,informaci√≥n,info
349,Excesivamente caro,malo
350,"recomiendo la marca, por los c√≥modos ",bueno
351,Tiene bajo rendimiento del consumo de gasolina ,malo
352,Se puede realizar compra inteligente!!!!,bueno
353,Me da mucha confianza al manejar ,bueno
354,"Muy mala experiencia , maravillosa si, pero al final la falla que tuvo a 4 meses nos hizo devolverla por nuestra seguridad",malo
355,al parecer los SUV son fabricados en China,malo
356,Tiene mucha comodidad y teconlog√≠a,bueno
357,muy pocos kil√≥metros rinde por gal√≥n,malo
358,"Desde???? Porque no puede ser mas baja la cuota???? Dar mas pie........bajen los intereses, porque la gente termina pagando el doble,",malo
359,el problema que tienen algunas son de embrague,malo
360,"informaci√≥n por favor, de c√≥mo conseguir el financiamiento ",info
361,"no me gusta el tema de financiamiento , terminan sacando un ojo , prefiero al contado, pero cuando uno quiere pagar al contado ustedes cobran m√°s.",malo
362,"es fabricada en China, muy mala calidad",malo
363,"me encanta, es mi joya",bueno
364,Bellisimooo,bueno
365,no la recomiendo,malo
366,no la cambio por nada,bueno
367,malo el servicio t√©cnico,malo
368,hermoso,bueno
369,"por favor ,m√°s detalle del cr√©dito ",info
370,"c√≥moda, pero muy cara",malo
371,me intersa,bueno
372,deficiente el servicio t√©cnico,malo
373,demasiado consumo de combustible,malo
374,me interesa mucho,bueno
375,quiro mayot info ,info
376,el precio es muy alto,malo
377,"es una muy buena elecci√≥n, una SUV muy completa, tecnolog√≠a, confort y gran espacio",bueno
378,respuestos muy caros y escasos,malo
379,p√©simo servicio t√©cnico,malo
380,lo mejor sin duda su dise√±o y gran espacio interiorüòç,bueno
381,Y ahora si tendra 5 estrellas de seguridad o seguira como el mas inseguro con cero?,malo
382,yo la vi y me encanto perfecta para salir de paseo üòç,bueno
383,creo que es insegura ,malo
384,Les qued√≥ realmente espectacular. Adem√°s soy fiel a la marca y los autos est√°n cada vez mejores.,bueno
385,lo peor es el serivicio t√©cnico ,malo
386,"mucho espacio y comodidad üôÇ
",bueno
387,pagu√© una fortuna en repuestos y mantenci√≥n,malo
388,buen dise√±o y grandes espacios,bueno
389,definitvamente la quiero comprar,bueno
390,creo que necesita poner m√°s informaci√≥n ,info
391,excelente presentaci√≥n y comodidad,bueno
392,me gustar√≠a comprarla,bueno
393,"Por favor, ¬øpuedo comprarla al contado ? ",info
394,Me gustar√≠a conocer si puedo pagar todo al contado,info
395,muy mal sevicio de mantenci√≥n,malo
396,piezas de respuestos escasas y demoran mucho en traerlas ,malo
397,No sube muy bien las pendientes,malo
398,es la mejor SUV que he tenido ,bueno
399,el cr√©dito directo resulta muy caro,malo
400,la recomiendo a ojos cerrados,bueno
401,"No les creo nada , ",malo
402,Est√° bonita la camioneta ,bueno
403,Quiero m√°s informaci√≥n,info
404,:( igual el cr√©dito ha de ser muuuucho ,malo
405,"Quisiera, m√°s informaci√≥n, pero nadie me responde ",info
406,"cuota chica, pero digan la √∫ltima cuota, de seguro alta",malo
407,"Yo tengo uno claro la versi√≥n anterior ,,me ha salido excelente,solo que los repuestos son carisimo üòÖ lo tengo hace 6 a√±os conmigo no me ha dado ning√∫n problema",bueno
408,"No lo compres, son fabricados en m√©xico",malo
409,"ü•∞‚ù§‚ù£üíØ, amo esta marca",bueno
410,m√°s IVA? Ni que la we√° la uses como camioneta,malo
411,"Cuotas de $174.900 + pie del 49,2% (7 millones app). Finalmente en el mes 49 hay que dar un cuoton de 5 millones. Tremenda oferta‚Ä¶ ü§£",malo
412,publicidad enga√±osa,malo
413,"es mi tesoro, yo tengo uno, y es lo mejor ",bueno
414,"Dan poca informaci√≥n, necesito mayor info",info
415,info por fa,info
416,Los respuestos son demasiados caros,malo
417,excelente! ,bueno
418,Es el mejor auto que he tenido,bueno
419,"se da√±a a la primera, y los respuestos por las nubes",malo
420,m√°s detalle del valor,info
421,hola yo lo tengo con 10.000km Ning√∫n problema muy contento con la compra viene con mucha seguridad muy suave ..es mec√°nico,bueno
422,"1 a√±o con 35 mil km un auto de maravilla amigo, saludos",bueno
423,en mayo cumple 2 a√±os mi auto con 35mil km y sigue como el primer d√≠a.,bueno
424,Reci√©n ped√≠ una cotizaci√≥n pero me mandaron el valor de las mantenciones.yo quiero saber de cu√°nto es el pie y de cu√°nto son las letras y cu√°ntas eso es todo.gradias.,info
425,Servicio t√©cnico muy malo,malo
426,Los respuestos demoran mucho,malo
427,publicidad mentirosa,malo
428,A m√≠ me sali√≥ muy bueno el auto,bueno
429,Es muy c√≥modo y no se me ha da√±ado,bueno
430,necesito m√°s informaci√≥n ,info
431,Demoran los repuestos,malo
432,"No lo compren, es demasiada cara la reparaci√≥n",malo
433,poco stok de repuestos,malo
434,"Tiene toda la tecnolog√≠a, y pantalla t√°ctil ",bueno
435,"Muy recomendable, muy estable en carreteras ",bueno
436,no existen repuestos en el mercado,malo
437,Cuales modelos tienen 3 corridas de asientos? Y con barra superior?,info
438,"Es muy c√≥modo , pero poco rendimiento de combustible , no lo recomiendo",malo
439,"Yo compr√© uno, y es muy bueno",bueno
440,Ning√∫n problema hasta ahora ,bueno
441,para cu√°ndo los h√≠bridos ? ,info
442,"Lo m√°s f√°cil es que coloquen todo los datos t√©cnicos del veh√≠culo, valor con cr√©dito y al contado",info
443,info,info
444,"no lo colocan ,por que quieren venderte el producto m√°s caro y explic√°rtelo y que lo pagues en cuotas y as√≠ se aprovechan y al final pagas el doble",malo
445,"No gracias, demasiado caro",malo
446,"Es una buen marca, lo recomiendo ",bueno
447,rinde muy poco el combuestible,malo
448,informaci√≥n,info
449,Excesivamente caro,malo
450,"recomiendo la marca, por los c√≥modos ",bueno
451,Tiene bajo rendimiento del consumo de gasolina ,malo
452,Se puede realizar compra inteligente!!!!,bueno
453,Me da mucha confianza al manejar ,bueno
454,"Muy mala experiencia , maravillosa si, pero al final la falla que tuvo a 4 meses nos hizo devolverla por nuestra seguridad",malo
455,al parecer los SUV son fabricados en China,malo
456,Tiene mucha comodidad y teconlog√≠a,bueno
457,muy pocos kil√≥metros rinde por gal√≥n,malo
458,"Desde???? Porque no puede ser mas baja la cuota???? Dar mas pie........bajen los intereses, porque la gente termina pagando el doble,",malo
459,el problema que tienen algunas son de embrague,malo
460,"informaci√≥n por favor, de c√≥mo conseguir el financiamiento ",info
461,"no me gusta el tema de financiamiento , terminan sacando un ojo , prefiero al contado, pero cuando uno quiere pagar al contado ustedes cobran m√°s.",malo
462,"es fabricada en China, muy mala calidad",malo
463,"me encanta, es mi joya",bueno
464,Bellisimooo,bueno
465,no la recomiendo,malo
466,no la cambio por nada,bueno
467,malo el servicio t√©cnico,malo
468,hermoso,bueno
469,"por favor ,m√°s detalle del cr√©dito ",info
470,"c√≥moda, pero muy cara",malo
471,me intersa,bueno
472,deficiente el servicio t√©cnico,malo
473,demasiado consumo de combustible,malo
474,me interesa mucho,bueno
475,quiro mayot info ,info
476,el precio es muy alto,malo
477,"es una muy buena elecci√≥n, una SUV muy completa, tecnolog√≠a, confort y gran espacio",bueno
478,respuestos muy caros y escasos,malo
479,p√©simo servicio t√©cnico,malo
480,lo mejor sin duda su dise√±o y gran espacio interiorüòç,bueno
481,Y ahora si tendra 5 estrellas de seguridad o seguira como el mas inseguro con cero?,malo
482,yo la vi y me encanto perfecta para salir de paseo üòç,bueno
483,creo que es insegura ,malo
484,Les qued√≥ realmente espectacular. Adem√°s soy fiel a la marca y los autos est√°n cada vez mejores.,bueno
485,lo peor es el serivicio t√©cnico ,malo
486,"mucho espacio y comodidad üôÇ
",bueno
487,pagu√© una fortuna en repuestos y mantenci√≥n,malo
488,buen dise√±o y grandes espacios,bueno
489,definitvamente la quiero comprar,bueno
490,creo que necesita poner m√°s informaci√≥n ,info
491,excelente presentaci√≥n y comodidad,bueno
492,me gustar√≠a comprarla,bueno
493,"Por favor, ¬øpuedo comprarla al contado ? ",info
494,Me gustar√≠a conocer si puedo pagar todo al contado,info
495,muy mal sevicio de mantenci√≥n,malo
496,piezas de respuestos escasas y demoran mucho en traerlas ,malo
497,No sube muy bien las pendientes,malo
498,es la mejor SUV que he tenido ,bueno
499,el cr√©dito directo resulta muy caro,malo
500,la recomiendo a ojos cerrados,bueno
501,"No les creo nada , ",malo
502,Est√° bonita la camioneta ,bueno
503,Quiero m√°s informaci√≥n,info
504,:( igual el cr√©dito ha de ser muuuucho ,malo
505,"Quisiera, m√°s informaci√≥n, pero nadie me responde ",info
506,"cuota chica, pero digan la √∫ltima cuota, de seguro alta",malo
507,"Yo tengo uno claro la versi√≥n anterior ,,me ha salido excelente,solo que los repuestos son carisimo üòÖ lo tengo hace 6 a√±os conmigo no me ha dado ning√∫n problema ",bueno
508,"No lo compres, son fabricados en m√©xico",malo
509,"ü•∞‚ù§‚ù£üíØ, amo esta marca",bueno
510,m√°s IVA? Ni que la we√° la uses como camioneta,malo
511,"Cuotas de $174.900 + pie del 49,2% (7 millones app). Finalmente en el mes 49 hay que dar un cuoton de 5 millones. Tremenda oferta‚Ä¶ ü§£",malo
512,publicidad enga√±osa,malo
513,"es mi tesoro, yo tengo uno, y es lo mejor ",bueno
514,"Dan poca informaci√≥n, necesito mayor info",info
515,info por fa,info
516,Los respuestos son demasiados caros,malo
517,excelente! ,bueno
518,Es el mejor auto que he tenido,bueno
519,"se da√±a a la primera, y los respuestos por las nubes",malo
520,m√°s detalle del valor,info
521,hola yo lo tengo con 10.000km Ning√∫n problema muy contento con la compra viene con mucha seguridad muy suave ..es mec√°nico,bueno
522,"1 a√±o con 35 mil km un auto de maravilla amigo, saludos",bueno
523,en mayo cumple 2 a√±os mi auto con 35mil km y sigue como el primer d√≠a.,bueno
524,Reci√©n ped√≠ una cotizaci√≥n pero me mandaron el valor de las mantenciones.yo quiero saber de cu√°nto es el pie y de cu√°nto son las letras y cu√°ntas eso es todo.gradias.,info
525,Servicio t√©cnico muy malo,malo
526,Los respuestos demoran mucho,malo
527,publicidad mentirosa,malo
528,A m√≠ me sali√≥ muy bueno el auto,bueno
529,Es muy c√≥modo y no se me ha da√±ado,bueno
530,necesito m√°s informaci√≥n ,info
531,Demoran los repuestos,malo
532,"No lo compren, es demasiada cara la reparaci√≥n",malo
533,poco stok de repuestos,malo
534,"Tiene toda la tecnolog√≠a, y pantalla t√°ctil ",bueno
535,"Muy recomendable, muy estable en carreteras ",bueno
536,no existen repuestos en el mercado,malo
537,Cuales modelos tienen 3 corridas de asientos? Y con barra superior?,info
538,"Es muy c√≥modo , pero poco rendimiento de combustible , no lo recomiendo",malo
539,"Yo compr√© uno, y es muy bueno",bueno
540,Ning√∫n problema hasta ahora ,bueno
541,para cu√°ndo los h√≠bridos ? ,info
542,"Lo m√°s f√°cil es que coloquen todo los datos t√©cnicos del veh√≠culo, valor con cr√©dito y al contado",info
543,info,info
544,"no lo colocan ,por que quieren venderte el producto m√°s caro y explic√°rtelo y que lo pagues en cuotas y as√≠ se aprovechan y al final pagas el doble",malo
545,"No gracias, demasiado caro",malo
546,"Es una buen marca, lo recomiendo ",bueno
547,rinde muy poco el combuestible,malo
548,informaci√≥n,info
549,Excesivamente caro,malo
550,"recomiendo la marca, por los c√≥modos ",bueno
551,Tiene bajo rendimiento del consumo de gasolina ,malo
552,Se puede realizar compra inteligente!!!!,bueno
553,Me da mucha confianza al manejar ,bueno
554,"Muy mala experiencia , maravillosa si, pero al final la falla que tuvo a 4 meses nos hizo devolverla por nuestra seguridad",malo
555,al parecer los SUV son fabricados en China,malo
556,Tiene mucha comodidad y teconlog√≠a,bueno
557,muy pocos kil√≥metros rinde por gal√≥n,malo
558,"Desde???? Porque no puede ser mas baja la cuota???? Dar mas pie........bajen los intereses, porque la gente termina pagando el doble,",malo
559,el problema que tienen algunas son de embrague,malo
560,"informaci√≥n por favor, de c√≥mo conseguir el financiamiento ",info
561,"no me gusta el tema de financiamiento , terminan sacando un ojo , prefiero al contado, pero cuando uno quiere pagar al contado ustedes cobran m√°s.",malo
562,"es fabricada en China, muy mala calidad",malo
563,"me encanta, es mi joya",bueno
564,Bellisimooo,bueno
565,no la recomiendo,malo
566,no la cambio por nada,bueno
567,malo el servicio t√©cnico,malo
568,hermoso,bueno
569,"por favor ,m√°s detalle del cr√©dito ",info
570,"c√≥moda, pero muy cara",malo
571,me intersa,bueno
572,deficiente el servicio t√©cnico,malo
573,demasiado consumo de combustible,malo
574,me interesa mucho,bueno
575,quiro mayot info ,info
576,el precio es muy alto,malo
577,"es una muy buena elecci√≥n, una SUV muy completa, tecnolog√≠a, confort y gran espacio",bueno
578,respuestos muy caros y escasos,malo
579,p√©simo servicio t√©cnico,malo
580,lo mejor sin duda su dise√±o y gran espacio interiorüòç,bueno
581,Y ahora si tendra 5 estrellas de seguridad o seguira como el mas inseguro con cero?,malo
582,yo la vi y me encanto perfecta para salir de paseo üòç,bueno
583,creo que es insegura ,malo
584,Les qued√≥ realmente espectacular. Adem√°s soy fiel a la marca y los autos est√°n cada vez mejores.,bueno
585,lo peor es el serivicio t√©cnico ,malo
586,"mucho espacio y comodidad üôÇ
",bueno
587,pagu√© una fortuna en repuestos y mantenci√≥n,malo
588,buen dise√±o y grandes espacios,bueno
589,definitvamente la quiero comprar,bueno
590,creo que necesita poner m√°s informaci√≥n ,info
591,excelente presentaci√≥n y comodidad,bueno
592,me gustar√≠a comprarla,bueno
593,"Por favor, ¬øpuedo comprarla al contado ? ",info
594,Me gustar√≠a conocer si puedo pagar todo al contado,info
595,muy mal sevicio de mantenci√≥n,malo
596,piezas de respuestos escasas y demoran mucho en traerlas ,malo
597,No sube muy bien las pendientes,malo
598,es la mejor SUV que he tenido ,bueno
599,el cr√©dito directo resulta muy caro,malo
600,la recomiendo a ojos cerrados,bueno